feature,importance
section_entropy_max,991
entry_point,543
file_size,519
section_raw_size_mean,438
section_raw_size_max,432
section_entropy_std,385
imported_dlls,382
section_size_ratio_mean,382
section_size_ratio_max,361
characteristics,349
section_virtual_size_mean,319
section_entropy_mean,314
section_virtual_size_max,300
section_size_ratio_min,278
imported_functions,259
section_virtual_size_min,251
section_entropy_min,234
number_of_sections_header,219
process_operations,197
subsystem,161
section_raw_size_min,131
writable_sections,129
memory_operations,90
file_operations,68
api2_124,61
section_count,40
high_entropy_sections,37
machine,36
image_base,36
api2_60,31
api2_6,20
api2_57,19
api2_2,19
api2_98,18
api2_211,17
api2_255,17
registry_operations,17
api2_297,16
api2_36,16
api2_169,16
readable_sections,13
api2_78,13
api2_4,12
api2_273,12
api2_112,12
api2_63,11
api2_71,10
api2_270,9
api2_61,8
api2_17,8
api2_319,8
api2_1,7
api2_11,7
api2_37,6
api2_46,6
api2_38,6
api2_184,6
api2_14,6
api2_84,6
api2_13,5
api2_301,5
api2_58,4
api2_406,4
api2_15,4
api2_354,3
api2_55,3
api2_125,3
api2_315,3
api2_152,3
api2_3,3
api2_86,3
api2_134,3
api2_143,2
api2_127,2
api2_85,2
api2_59,2
api2_113,2
api2_32,2
api2_0,2
api2_8,2
api2_272,2
api2_183,2
api2_186,2
api2_120,2
api2_53,2
api2_54,2
api2_29,1
api2_9,1
api2_343,1
api2_379,1
api2_10,1
api2_16,1
api2_310,1
api2_49,1
api2_5,1
api2_33,1
api2_23,1
api2_251,1
api2_253,1
api2_242,1
api2_199,1
api2_201,1
api2_154,1
api2_150,1
api2_179,1
api2_190,1
api2_181,1
api2_204,1
api2_40,1
api2_73,1
api2_136,1
api2_116,1
api2_117,1
api2_139,1
api2_146,1
api2_64,1
api2_74,1
api2_81,1
api2_126,1
api2_123,1
api2_52,1
api2_121,1
api2_66,1
api2_69,1
api2_115,1
api2_97,1
api2_87,1
api2_89,1
api2_105,1
api2_109,1
api2_68,1
api2_90,1
api2_96,1
executable_sections,1
api2_499,0
api2_483,0
api2_453,0
network_operations,0
crypto_operations,0
service_operations,0
api2_468,0
api2_469,0
api2_454,0
api2_455,0
api2_456,0
api2_457,0
api2_458,0
api2_459,0
api2_460,0
api2_461,0
api2_462,0
api2_463,0
api2_101,0
api2_88,0
api2_91,0
api2_92,0
api2_93,0
api2_94,0
api2_95,0
api2_99,0
api2_102,0
api2_103,0
api2_104,0
api2_106,0
api2_107,0
api2_108,0
api2_110,0
api2_111,0
api2_72,0
api2_75,0
api2_76,0
api2_77,0
api2_79,0
api2_80,0
api2_82,0
api2_83,0
api2_118,0
api2_119,0
api2_122,0
api2_128,0
api2_129,0
api2_130,0
api2_131,0
api2_100,0
api2_132,0
api2_133,0
api2_135,0
api2_137,0
api2_138,0
api2_140,0
api2_141,0
api2_142,0
api2_144,0
api2_145,0
api2_147,0
api2_56,0
api2_62,0
api2_65,0
api2_67,0
api2_70,0
api2_176,0
api2_177,0
api2_178,0
api2_148,0
api2_149,0
api2_151,0
api2_153,0
api2_155,0
api2_156,0
api2_157,0
api2_158,0
api2_159,0
api2_160,0
api2_161,0
api2_162,0
api2_163,0
api2_191,0
api2_192,0
api2_193,0
api2_194,0
api2_195,0
api2_164,0
api2_165,0
api2_166,0
api2_167,0
api2_168,0
api2_170,0
api2_171,0
api2_172,0
api2_173,0
api2_174,0
api2_175,0
api2_41,0
api2_42,0
api2_43,0
api2_44,0
api2_45,0
api2_47,0
api2_48,0
api2_50,0
api2_51,0
api2_20,0
api2_21,0
api2_182,0
api2_185,0
api2_187,0
api2_188,0
api2_189,0
api2_226,0
api2_227,0
api2_196,0
api2_197,0
api2_198,0
api2_200,0
api2_202,0
api2_203,0
api2_205,0
api2_206,0
api2_207,0
api2_208,0
api2_209,0
api2_210,0
api2_180,0
api2_39,0
api2_241,0
api2_243,0
api2_212,0
api2_213,0
api2_214,0
api2_215,0
api2_216,0
api2_217,0
api2_218,0
api2_219,0
api2_220,0
api2_221,0
api2_222,0
api2_223,0
api2_224,0
api2_225,0
api2_257,0
api2_258,0
api2_259,0
api2_228,0
api2_229,0
api2_230,0
api2_231,0
api2_232,0
api2_233,0
api2_234,0
api2_235,0
api2_236,0
api2_237,0
api2_238,0
api2_239,0
api2_240,0
api2_267,0
api2_268,0
api2_269,0
api2_271,0
api2_274,0
api2_275,0
api2_244,0
api2_245,0
api2_246,0
api2_247,0
api2_248,0
api2_249,0
api2_250,0
api2_252,0
api2_254,0
api2_256,0
api2_283,0
api2_284,0
api2_285,0
api2_286,0
api2_287,0
api2_288,0
api2_289,0
api2_290,0
api2_291,0
api2_260,0
api2_261,0
api2_262,0
api2_263,0
api2_264,0
api2_265,0
api2_266,0
api2_277,0
api2_22,0
api2_24,0
api2_25,0
api2_26,0
api2_27,0
api2_28,0
api2_30,0
api2_31,0
api2_34,0
api2_35,0
api2_278,0
api2_279,0
api2_280,0
api2_281,0
api2_282,0
api2_12,0
api2_18,0
api2_19,0
api2_294,0
api2_295,0
api2_296,0
api2_298,0
api2_299,0
api2_300,0
api2_302,0
api2_303,0
api2_304,0
api2_305,0
api2_306,0
api2_307,0
api2_276,0
api2_308,0
api2_309,0
api2_311,0
api2_312,0
api2_313,0
api2_314,0
api2_316,0
api2_317,0
api2_318,0
api2_320,0
api2_321,0
api2_322,0
api2_323,0
api2_292,0
api2_293,0
api2_7,0
api2_324,0
api2_325,0
api2_326,0
api2_327,0
api2_328,0
api2_329,0
api2_330,0
api2_331,0
api2_332,0
api2_333,0
api2_334,0
api2_335,0
api2_336,0
api2_337,0
api2_338,0
api2_339,0
api2_370,0
api2_371,0
api2_340,0
api2_341,0
api2_342,0
api2_344,0
api2_345,0
api2_346,0
api2_347,0
api2_348,0
api2_349,0
api2_350,0
api2_351,0
api2_352,0
api2_353,0
api2_355,0
api2_386,0
api2_387,0
api2_356,0
api2_357,0
api2_358,0
api2_359,0
api2_360,0
api2_361,0
api2_362,0
api2_363,0
api2_364,0
api2_365,0
api2_366,0
api2_367,0
api2_368,0
api2_369,0
api2_401,0
api2_402,0
api2_403,0
api2_372,0
api2_373,0
api2_374,0
api2_375,0
api2_376,0
api2_377,0
api2_378,0
api2_380,0
api2_381,0
api2_382,0
api2_383,0
api2_384,0
api2_385,0
api2_417,0
api2_418,0
api2_419,0
api2_388,0
api2_389,0
api2_390,0
api2_391,0
api2_392,0
api2_393,0
api2_394,0
api2_395,0
api2_396,0
api2_397,0
api2_398,0
api2_399,0
api2_400,0
api2_432,0
api2_433,0
api2_434,0
api2_435,0
api2_404,0
api2_405,0
api2_407,0
api2_408,0
api2_409,0
api2_410,0
api2_411,0
api2_412,0
api2_413,0
api2_414,0
api2_415,0
api2_416,0
api2_448,0
api2_449,0
api2_450,0
api2_451,0
api2_420,0
api2_421,0
api2_422,0
api2_423,0
api2_424,0
api2_425,0
api2_426,0
api2_427,0
api2_428,0
api2_429,0
api2_430,0
api2_431,0
api2_464,0
api2_465,0
api2_466,0
api2_467,0
api2_436,0
api2_437,0
api2_438,0
api2_439,0
api2_440,0
api2_441,0
api2_442,0
api2_443,0
api2_444,0
api2_445,0
api2_446,0
api2_447,0
api2_482,0
valid_pe,0
api2_486,0
api2_487,0
api2_488,0
api2_489,0
api2_490,0
api2_491,0
api2_492,0
api2_493,0
api2_494,0
api2_495,0
api2_496,0
api2_497,0
api2_498,0
api2_452,0
api2_114,0
rwx_sections,0
api2_484,0
api2_485,0
api2_470,0
api2_471,0
api2_472,0
api2_473,0
api2_474,0
api2_475,0
api2_476,0
api2_477,0
api2_478,0
api2_479,0
api2_480,0
api2_481,0
